Chamber;ID;Start_time;End_time;Start CH4 (ppm);End CH4 (ppm);Start N2O (ppm);End N2O (ppm);Date;Begin_time;Final_time
chamber;ID;start.time;end.time;start.CH4;end.CH4;start.N2O;end.N2O;date;begin.time;final.time
1;F;04:43:00;04:51;2.2;12.3;;;26-08-2025;26-08-2025 04:43;26-08-2025 04:51
2;U;04:58;05:07;2.05;2.07;;;26-08-2025;26-08-2025 04:58;26-08-2025 05:07
3;F+U;05:28;05:34;2.1;5.4;;;26-08-2025;26-08-2025 05:28;26-08-2025 05:34
4;BG;05:08:40;05:17;2.05;2.04;;;26-08-2025;26-08-2025 05:08;26-08-2025 05:17
5;U;05:18;05:27;2.07;2.09;;;26-08-2025;26-08-2025 05:18;26-08-2025 05:27
6;BG;05:35;05:47;2.4;2.05;;;26-08-2025;26-08-2025 05:35;26-08-2025 05:47
7;F;05:48;05:56;2.1;10;;;26-08-2025;26-08-2025 05:48;26-08-2025 05:56
8;F+U;06:10:30;06:19;2.1;7.1;;;26-08-2025;26-08-2025 06:10;26-08-2025 06:19
9;BG;05:57:40;06:10;2.1;2.25;;;26-08-2025;26-08-2025 05:57;26-08-2025 06:10
10;F+U;06:20;06:33;2.4;14.6;;;26-08-2025;26-08-2025 06:20;26-08-2025 06:33
11;F;06:42:40;06:55;2.1;8;;;26-08-2025;26-08-2025 06:42;26-08-2025 06:55
12;U;06:34;06:42;2.2;2.3;;;26-08-2025;26-08-2025 06:34;26-08-2025 06:42
13;F+U;07:02;07:10;2.5;4.8;;;26-08-2025;26-08-2025 07:02;26-08-2025 07:10
14;F;06:56;07:01;2;8.58;;;26-08-2025;26-08-2025 06:56;26-08-2025 07:01
15;BG;07:11:10;07:16;2.08;2.08;;;26-08-2025;26-08-2025 07:11;26-08-2025 07:16
16;U;07:26;07:31;2.06;2.06;;;26-08-2025;26-08-2025 07:26;26-08-2025 07:31
17;BG;07:16:20;07:25;2.05;2.04;;;26-08-2025;26-08-2025 07:16;26-08-2025 07:25
18;F;07:32:30;07:40;2.2;6.7;;;26-08-2025;26-08-2025 07:32;26-08-2025 07:40
19;U;07:47:20;07:57;2.1;2.1;;;26-08-2025;26-08-2025 07:47;26-08-2025 07:57
20;F+U;07:41;07:46:30;2.4;5.08;;;26-08-2025;26-08-2025 07:41;26-08-2025 07:46
1;F;12:52;13:05:00;;;0.347;0.362;26-08-2025;26-08-2025 12:52;26-08-2025 13:05
2;U;13:21;13:30:00;;;0.35;0.46;26-08-2025;26-08-2025 13:21;26-08-2025 13:30
3;F+U;13:05;13:14:00;;;0.35;0.36;26-08-2025;26-08-2025 13:05;26-08-2025 13:14
4;BG;13:31;13:42:00;;;0.36;0.36;26-08-2025;26-08-2025 13:31;26-08-2025 13:42
5;U;13:42;13:54:00;;;0.35;0.58;26-08-2025;26-08-2025 13:42;26-08-2025 13:54
6;BG;14:14;14:21:00;;;0.349;0.35;26-08-2025;26-08-2025 14:14;26-08-2025 14:21
7;F;14:06;14:14:00;;;0.349;0.35;26-08-2025;26-08-2025 14:06;26-08-2025 14:14
8;F+U;13:55;14:06:00;;;0.36;0.34;26-08-2025;26-08-2025 13:55;26-08-2025 14:06
9;BG;14:20;14:30:00;;;0.349;0.35;26-08-2025;26-08-2025 14:20;26-08-2025 14:30
10;F+U;14:40;14:49:00;;;0.35;0.401;26-08-2025;26-08-2025 14:40;26-08-2025 14:49
11;F;14:31;14:39:00;;;0.349;0.358;26-08-2025;26-08-2025 14:31;26-08-2025 14:39
12;U;15:00;15:08:00;;;0.345;0.49;26-08-2025;26-08-2025 15:00;26-08-2025 15:08
13;F+U;14:50;15:00:00;;;;0.345;26-08-2025;26-08-2025 14:50;26-08-2025 15:00
14;F;15:09;15:14:00;;;0.35;0.35;26-08-2025;26-08-2025 15:09;26-08-2025 15:14
15;BG;15:19;15:28:00;;;0.349;0.352;26-08-2025;26-08-2025 15:19;26-08-2025 15:28
16;U;15:14;15:18:20;;;0.349;0.348;26-08-2025;26-08-2025 15:14;26-08-2025 15:18
17;BG;15:29;15:37:00;;;0.349;0.35;26-08-2025;26-08-2025 15:29;26-08-2025 15:37
18;F;15:44;15:48:40;;;0.349;0.351;26-08-2025;26-08-2025 15:44;26-08-2025 15:48
19;U;15:38;15:43:00;;;0.349;0.351;26-08-2025;26-08-2025 15:38;26-08-2025 15:43
20;F+U;15:49;15:57:00;;;0.35;0.376;26-08-2025;26-08-2025 15:49;26-08-2025 15:57
8;F+U;09:44;09:55;;;0.341;0.392;27-08-2025;27-08-2025 09:44;27-08-2025 09:55
15;BG;09:56;10:05;;;0.347;0.352;27-08-2025;27-08-2025 09:56;27-08-2025 10:05
14;F;10:06;10:11;;;0.35;0.356;27-08-2025;27-08-2025 10:06;27-08-2025 10:11
3;F+U;10:12;10:18;;;0.35;0.401;27-08-2025;27-08-2025 10:12;27-08-2025 10:18
2;U;10:18;10:25;;;0.352;0.403;27-08-2025;27-08-2025 10:18;27-08-2025 10:25
4;BG;10:26;10:32;;;0.35;0.35;27-08-2025;27-08-2025 10:26;27-08-2025 10:32
5;U;10:32:50;10:48:40;;;0.348;0.477;27-08-2025;27-08-2025 10:32;27-08-2025 10:48
10;F+U;10:44:20;10:52:20;;;0.35;0.367;27-08-2025;27-08-2025 10:44;27-08-2025 10:52
11;F;10:53:40;11:01:00;;;0.35;0.367;27-08-2025;27-08-2025 10:53;27-08-2025 11:01
18;F;12:30:20;12:46:00;;;0.345;0.35;27-08-2025;27-08-2025 12:30;27-08-2025 12:46
6;BG;12:48:00;12:54:40;;;0.345;0.352;27-08-2025;27-08-2025 12:48;27-08-2025 12:54
12;U;12:56;13:02;;;0.346;0.454;27-08-2025;27-08-2025 12:56;27-08-2025 13:02
16;U;13:03:00;13:11:20;;;0.357;0.427;27-08-2025;27-08-2025 13:03;27-08-2025 13:11
13;F+U;13:12:20;13:19:20;;;0.35;0.36;27-08-2025;27-08-2025 13:12;27-08-2025 13:19
1;F;13:21;13:27;;;0.35;0.368;27-08-2025;27-08-2025 13:21;27-08-2025 13:27
9;BG;13:28:20;13:37:40;;;0.35;0.35;27-08-2025;27-08-2025 13:28;27-08-2025 13:37
19;U;13:39:20;13:46:40;;;0.35;0.362;27-08-2025;27-08-2025 13:39;27-08-2025 13:46
17;BG;13:47;13:52;;;0.349;0.35;27-08-2025;27-08-2025 13:47;27-08-2025 13:52
20;F+U;13:53;14:00;;;0.349;0.366;27-08-2025;27-08-2025 13:53;27-08-2025 14:00
7;F;14:01;;;;0.349;;27-08-2025;27-08-2025 14:01;27-08-2025 00:00
18;F;01:50;01:57;2.080;2.600;;;27-08-2025;27-08-2025 01:50;27-08-2025 01:57
13;F+U;01:59;02:10;2.100;2.580;;;27-08-2025;27-08-2025 01:59;27-08-2025 02:10
17;BG;02:11;02:16;2.050;2.080;;;27-08-2025;27-08-2025 02:11;27-08-2025 02:16
7;F;02:17;02:27;2.050;2.480;;;27-08-2025;27-08-2025 02:17;27-08-2025 02:27
19;U;02:28;02:33;2.056;2.056;;;27-08-2025;27-08-2025 02:28;27-08-2025 02:33
20;F+U;02:34;02:44;2.062;2.481;;;27-08-2025;27-08-2025 02:34;27-08-2025 02:44
11;F;02:45;02:52;2.086;2.523;;;27-08-2025;27-08-2025 02:45;27-08-2025 02:52
16;U;02:53;02:59;2.068;2.058;;;27-08-2025;27-08-2025 02:53;27-08-2025 02:59
4;BG;04:27;04:32;2.080;2.086;;;27-08-2025;27-08-2025 04:27;27-08-2025 04:32
10;F+U;04:33;04:43;2.090;2.539;;;27-08-2025;27-08-2025 04:33;27-08-2025 04:43
8;F+U;04:43;04:53;2.100;2.740;;;27-08-2025;27-08-2025 04:43;27-08-2025 04:53
1;F;04:53;05:03;2.178;2.802;;;27-08-2025;27-08-2025 04:53;27-08-2025 05:03
14;F;05:04;05:14;2.106;2.524;;;27-08-2025;27-08-2025 05:04;27-08-2025 05:14
15;BG;05:14;05:19;2.080;2.079;;;27-08-2025;27-08-2025 05:14;27-08-2025 05:19
3;F+U;05:20;05:30;2.080;2.767;;;27-08-2025;27-08-2025 05:20;27-08-2025 05:30
6;BG;05:31;05:36;2.142;2.131;;;27-08-2025;27-08-2025 05:31;27-08-2025 05:36
12;U;05:37;05:43;2.115;2.108;;;27-08-2025;27-08-2025 05:37;27-08-2025 05:43
9;BG;05:43;05:49;2.111;2.105;;;27-08-2025;27-08-2025 05:43;27-08-2025 05:49
2;U;05:49;05:55;2.088;2.079;;;27-08-2025;27-08-2025 05:49;27-08-2025 05:55
5;U;05:58;06:13;2.097;2.075;;;27-08-2025;27-08-2025 05:58;27-08-2025 06:13
5;U;00:57:45;01:03;2.149;2.145;;;28-08-2025;28-08-2025 00:57;28-08-2025 01:03
13;F+U;01:04:30;01:10;2.16;2.4;;;28-08-2025;28-08-2025 01:04;28-08-2025 01:10
19;U;01:11:10;01:18;2.133;2.144;;;28-08-2025;28-08-2025 01:11;28-08-2025 01:18
2;U;01:19:20;01:26;2.119;2.103;;;28-08-2025;28-08-2025 01:19;28-08-2025 01:26
17;BG;01:27;01:33;2.1;2.1;;;28-08-2025;28-08-2025 01:27;28-08-2025 01:33
15;BG;01:34;01:41:30;2.1;2.1;;;28-08-2025;28-08-2025 01:34;28-08-2025 01:41
1;F;01:42:40;01:49;2.1;2.5;;;28-08-2025;28-08-2025 01:42;28-08-2025 01:49
8;F+U;01:50:15;01:56:30;2.1;2.5;;;28-08-2025;28-08-2025 01:50;28-08-2025 01:56
12;U;01:57:30;02:03;2.09;2.09;;;28-08-2025;28-08-2025 01:57;28-08-2025 02:03
14;F;02:03:40;02:09:30;2.09;2.34;;;28-08-2025;28-08-2025 02:03;28-08-2025 02:09
18;F;02:10:10;02:15:10;2.08;2.345;;;28-08-2025;28-08-2025 02:10;28-08-2025 02:15
3;F+U;02:16:20;02:21;2.08;2.385;;;28-08-2025;28-08-2025 02:16;28-08-2025 02:21
20;F+U;02:22:20;02:26;2.1;2.27;;;28-08-2025;28-08-2025 02:22;28-08-2025 02:26
16;U;02:27;02:31:30;2.08;2.085;;;28-08-2025;28-08-2025 02:27;28-08-2025 02:31
11;F;02:32:15;02:36:30;2.09;2.36;;;28-08-2025;28-08-2025 02:32;28-08-2025 02:36
10;F+U;02:37:10;02:41;2.08;2.29;;;28-08-2025;28-08-2025 02:37;28-08-2025 02:41
4;BG;02:41:51;02:45:50;2.08;2.08;;;28-08-2025;28-08-2025 02:41;28-08-2025 02:45
7;F;02:46:15;02:50:20;2.08;2.395;;;28-08-2025;28-08-2025 02:46;28-08-2025 02:50
6;BG;02:51:10;02:55:00;2.1;2.07;;;28-08-2025;28-08-2025 02:51;28-08-2025 02:55
9;BG;02:55:40;03:02;2.07;2.08;;;28-08-2025;28-08-2025 02:55;28-08-2025 03:02
17;BG;08:52;08:57;;;0.344;0.355;28-08-2025;28-08-2025 08:52;28-08-2025 08:57
16;U;08:59;09:04;;;0.369;0.374;28-08-2025;28-08-2025 08:59;28-08-2025 09:04
3;F+U;09:06;09:11;;;0.368;0.508;28-08-2025;28-08-2025 09:06;28-08-2025 09:11
20;F+U;09:13;09:23;;;0.353;0.391;28-08-2025;28-08-2025 09:13;28-08-2025 09:23
14;F;09:24;09:34;;;0.352;0.354;28-08-2025;28-08-2025 09:24;28-08-2025 09:34
9;BG;09:35;09:45;;;0.352;0.37;28-08-2025;28-08-2025 09:35;28-08-2025 09:45
6;BG;09:45;09:55;;;0.352;0.355;28-08-2025;28-08-2025 09:45;28-08-2025 09:55
11;F;09:55;10:05;;;0.355;0.43;28-08-2025;28-08-2025 09:55;28-08-2025 10:05
10;F+U;10:05;10:12;;;0.355;0.386;28-08-2025;28-08-2025 10:05;28-08-2025 10:12
15;BG;10:12;10:17;;;0.353;0.366;28-08-2025;28-08-2025 10:12;28-08-2025 10:17
8;F+U;10:18;10:23;;;0.355;0.414;28-08-2025;28-08-2025 10:18;28-08-2025 10:23
13;F+U;10:23;10:27;;;0.354;0.367;28-08-2025;28-08-2025 10:23;28-08-2025 10:27
19;U;10:28;10:33;;;0.354;0.367;28-08-2025;28-08-2025 10:28;28-08-2025 10:33
4;BG;10:33;10:38;;;0.354;0.36;28-08-2025;28-08-2025 10:33;28-08-2025 10:38
7;F;10:38;10:43;;;0.354;0.382;28-08-2025;28-08-2025 10:38;28-08-2025 10:43
1;F;10:43;10:48;;;0.354;0.369;28-08-2025;28-08-2025 10:43;28-08-2025 10:48
2;U;10:48;10:52;;;0.354;0.429;28-08-2025;28-08-2025 10:48;28-08-2025 10:52
12;U;10:52;10:56;;;0.362;0.415;28-08-2025;28-08-2025 10:52;28-08-2025 10:56
18;F;10:56;11:01;;;0.354;0.366;28-08-2025;28-08-2025 10:56;28-08-2025 11:01
5;U;11:02;11:06;;;0.355;0.494;28-08-2025;28-08-2025 11:02;28-08-2025 11:06
4;BG;09:10:20;09:16:20;;;0.352;0.365;29-08-2025;29-08-2025 09:10;29-08-2025 09:16
12;U;09:17:20;09:22:20;;;0.351;0.498;29-08-2025;29-08-2025 09:17;29-08-2025 09:22
1;F;09:23;09:28:00;;;0.359;0.384;29-08-2025;29-08-2025 09:23;29-08-2025 09:28
18;F;09:30:20;09:34;;;0.352;0.364;29-08-2025;29-08-2025 09:30;29-08-2025 09:34
9;BG;09:34:40;09:41:40;;;0.352;0.366;29-08-2025;29-08-2025 09:34;29-08-2025 09:41
6;BG;09:42:40;09:46:40;;;0.354;0.358;29-08-2025;29-08-2025 09:42;29-08-2025 09:46
20;F+U;09:48:20;09:52:40;;;0.352;0.37;29-08-2025;29-08-2025 09:48;29-08-2025 09:52
7;F;09:54:30;09:59:20;;;0.354;0.41;29-08-2025;29-08-2025 09:54;29-08-2025 09:59
2;U;10:00:20;10:04:20;;;0.36;0.558;29-08-2025;29-08-2025 10:00;29-08-2025 10:04
15;BG;10:05:30;10:09;;;0.35;0.363;29-08-2025;29-08-2025 10:05;29-08-2025 10:09
10;F+U;10:09:50;10:15;;;0.352;0.394;29-08-2025;29-08-2025 10:09;29-08-2025 10:15
19;U;10:16:40;10:22;;;0.35;0.36;29-08-2025;29-08-2025 10:16;29-08-2025 10:22
16;U;10:23:10;10:27:20;;;0.35;0.784;29-08-2025;29-08-2025 10:23;29-08-2025 10:27
11;F;10:28:50;10:35;;;0.36;0.394;29-08-2025;29-08-2025 10:28;29-08-2025 10:35
3;F+U;10:36:10;10:39;;;0.352;0.57;29-08-2025;29-08-2025 10:36;29-08-2025 10:39
13;F+U;10:45:30;10:48:40;;;0.35;0.363;29-08-2025;29-08-2025 10:45;29-08-2025 10:48
8;F+U;10:40:50;10:44:40;;;0.36;0.479;29-08-2025;29-08-2025 10:40;29-08-2025 10:44
14;F;10:49:30;10:53:10;;;0.352;0.353;29-08-2025;29-08-2025 10:49;29-08-2025 10:53
17;BG;10:54;11:00:20;;;0.351;0.361;29-08-2025;29-08-2025 10:54;29-08-2025 11:00
5;U;11:01:40;11:07:40;;;0.36;0.759;29-08-2025;29-08-2025 11:01;29-08-2025 11:07
4;BG;04:43:20;04:48:50;2.05;2.05;;;29-08-2025;29-08-2025 04:43;29-08-2025 04:48
12;U;04:50:10;04:54:50;2.048;2.042;;;29-08-2025;29-08-2025 04:50;29-08-2025 04:54
1;F;04:59:20;05:03:35;2.08;2.42;;;29-08-2025;29-08-2025 04:59;29-08-2025 05:03
18;F;05:04:40;05:10;2.04;2.478;;;29-08-2025;29-08-2025 05:04;29-08-2025 05:10
9;BG;05:10:45;05:14:40;2.05;2.05;;;29-08-2025;29-08-2025 05:10;29-08-2025 05:14
6;BG;05:15:20;05:19;2.03;2.03;;;29-08-2025;29-08-2025 05:15;29-08-2025 05:19
20;F+U;05:20:05;05:23:25;2.048;2.3;;;29-08-2025;29-08-2025 05:20;29-08-2025 05:23
7;F;05:24;05:29:15;2.04;2.414;;;29-08-2025;29-08-2025 05:24;29-08-2025 05:29
2;U;05:30;05:35:40;2.039;2.02;;;29-08-2025;29-08-2025 05:30;29-08-2025 05:35
15;BG;05:36:40;05:42:05;2.03;2.03;;;29-08-2025;29-08-2025 05:36;29-08-2025 05:42
10;F+U;05:42:50;05:47;2.04;2.306;;;29-08-2025;29-08-2025 05:42;29-08-2025 05:47
19;U;05:47:50;05:52;2.02;2.047;;;29-08-2025;29-08-2025 05:47;29-08-2025 05:52
16;U;05:52:50;05:58;2.03;2.04;;;29-08-2025;29-08-2025 05:52;29-08-2025 05:58
11;F;05:58:40;06:04:40;2.03;2.512;;;29-08-2025;29-08-2025 05:58;29-08-2025 06:04
3;F+U;06:05;06:10:40;2.06;2.507;;;29-08-2025;29-08-2025 06:05;29-08-2025 06:10
8;F+U;06:11:25;06:16:30;2.06;2.506;;;29-08-2025;29-08-2025 06:11;29-08-2025 06:16
13;F+U;06:17:05;06:21:45;2.07;2.321;;;29-08-2025;29-08-2025 06:17;29-08-2025 06:21
14;F;06:22:20;06:28;2.06;2.412;;;29-08-2025;29-08-2025 06:22;29-08-2025 06:28
17;BG;06:29;06:35:30;2.03;2.029;;;29-08-2025;29-08-2025 06:29;29-08-2025 06:35
5;U;06:36:20;06:41;2.03;2.03;;;29-08-2025;29-08-2025 06:36;29-08-2025 06:41
17;BG;01:08;01:13;2.139;2.137;;;29-08-2025;29-08-2025 01:08;29-08-2025 01:13
3;F+U;01:14;01:19;2.145;2.502;;;29-08-2025;29-08-2025 01:14;29-08-2025 01:19
12;U;01:24;01:30;2.188;2.183;;;29-08-2025;29-08-2025 01:24;29-08-2025 01:30
8;F+U;01:19;01:24;2.22;2.545;;;29-08-2025;29-08-2025 01:19;29-08-2025 01:24
20;F+U;01:30;01:36;2.14;2.457;;;29-08-2025;29-08-2025 01:30;29-08-2025 01:36
5;U;01:36;01:41;2.134;2.131;;;29-08-2025;29-08-2025 01:36;29-08-2025 01:41
14;F;01:41;01:46;2.124;2.36;;;29-08-2025;29-08-2025 01:41;29-08-2025 01:46
9;BG;01:47;01:52;2.127;2.132;;;29-08-2025;29-08-2025 01:47;29-08-2025 01:52
1;F;01:52;01:57;2.13;2.471;;;29-08-2025;29-08-2025 01:52;29-08-2025 01:57
19;U;01:58;02:05;2.132;2.143;;;29-08-2025;29-08-2025 01:58;29-08-2025 02:05
11;F;02:05;02:10;2.124;2.446;;;29-08-2025;29-08-2025 02:05;29-08-2025 02:10
7;F;02:11;02:16;2.176;2.571;;;29-08-2025;29-08-2025 02:11;29-08-2025 02:16
6;BG;02:17;02:22;2.107;2.107;;;29-08-2025;29-08-2025 02:17;29-08-2025 02:22
2;U;02:22;02:27;2.099;2.092;;;29-08-2025;29-08-2025 02:22;29-08-2025 02:27
18;F;02:27;02:35;2.1;2.552;;;29-08-2025;29-08-2025 02:27;29-08-2025 02:35
13;F+U;02:36;02:41;2.146;2.431;;;29-08-2025;29-08-2025 02:36;29-08-2025 02:41
10;F+U;02:41;02:48;2.126;2.467;;;29-08-2025;29-08-2025 02:41;29-08-2025 02:48
16;U;02:49;02:54;2.083;2.087;;;29-08-2025;29-08-2025 02:49;29-08-2025 02:54
4;BG;02:54;03:00;2.087;2.08;;;29-08-2025;29-08-2025 02:54;29-08-2025 03:00
15;BG;03:01;03:07;2.075;2.073;;;29-08-2025;29-08-2025 03:01;29-08-2025 03:07
17;BG;12:42;12:48;;;0.343;0.356;29-08-2025;29-08-2025 12:42;29-08-2025 12:48
3;F+U;12:49;12:54;;;0.348;0.665;29-08-2025;29-08-2025 12:49;29-08-2025 12:54
8;F+U;12:54;13:00;;;0.361;0.486;29-08-2025;29-08-2025 12:54;29-08-2025 13:00
12;U;13:00;13:05;;;0.36;0.476;29-08-2025;29-08-2025 13:00;29-08-2025 13:05
20;F+U;13:05;13:10;;;0.355;0.373;29-08-2025;29-08-2025 13:05;29-08-2025 13:10
5;U;13:11;13:16;;;0.354;0.675;29-08-2025;29-08-2025 13:11;29-08-2025 13:16
14;F;13:17;13:22;;;0.352;0.353;29-08-2025;29-08-2025 13:17;29-08-2025 13:22
9;BG;13:23;13:28;;;0.351;0.363;29-08-2025;29-08-2025 13:23;29-08-2025 13:28
1;F;13:28;13:34;;;0.352;0.388;29-08-2025;29-08-2025 13:28;29-08-2025 13:34
19;U;13:34;13:41;;;0.352;0.363;29-08-2025;29-08-2025 13:34;29-08-2025 13:41
11;F;13:41;13:46;;;0.353;0.372;29-08-2025;29-08-2025 13:41;29-08-2025 13:46
7;F;13:46;13:51;;;0.353;0.415;29-08-2025;29-08-2025 13:46;29-08-2025 13:51
6;BG;13:51;13:57;;;0.356;0.361;29-08-2025;29-08-2025 13:51;29-08-2025 13:57
2;U;13:57;14:03;;;0.352;0.625;29-08-2025;29-08-2025 13:57;29-08-2025 14:03
18;F;14:04;14:09;;;0.352;0.371;29-08-2025;29-08-2025 14:04;29-08-2025 14:09
13;F+U;14:10;14:15;;;0.353;0.368;29-08-2025;29-08-2025 14:10;29-08-2025 14:15
10;F+U;14:15;14:20;;;0.357;0.3825;29-08-2025;29-08-2025 14:15;29-08-2025 14:20
16;U;14:21;14:26;;;0.352;0.846;29-08-2025;29-08-2025 14:21;29-08-2025 14:26
4;BG;14:27;14:33;;;0.359;0.371;29-08-2025;29-08-2025 14:27;29-08-2025 14:33
15;BG;14:33;14:38;;;0.353;0.365;29-08-2025;29-08-2025 14:33;29-08-2025 14:38
15;BG;09:20:30;09:25;;;0.342;0.348;01-09-2025;01-09-2025 09:20;01-09-2025 09:25
8;F+U;09:25;09:30;;;0.345;0.422;01-09-2025;01-09-2025 09:25;01-09-2025 09:30
2;U;09:30:50;09:34;;;0.352;0.374;01-09-2025;01-09-2025 09:30;01-09-2025 09:34
12;U;09:34:50;09:39;;;0.351;0.46;01-09-2025;01-09-2025 09:34;01-09-2025 09:39
5;U;09:39:40;09:44;;;0.36;0.456;01-09-2025;01-09-2025 09:39;01-09-2025 09:44
19;U;09:45;09:49;;;0.36;0.444;01-09-2025;01-09-2025 09:45;01-09-2025 09:49
9;BG;09:49:50;09:54;;;0.345;0.352;01-09-2025;01-09-2025 09:49;01-09-2025 09:54
6;BG;09:54:50;10:00:40;;;0.35;0.353;01-09-2025;01-09-2025 09:54;01-09-2025 10:00
13;F+U;10:01:30;10:04:40;;;0.35;0.41;01-09-2025;01-09-2025 10:01;01-09-2025 10:04
18;F;10:05:30;10:08:20;;;0.351;0.358;01-09-2025;01-09-2025 10:05;01-09-2025 10:08
4;BG;10:09:20;10:14;;;0.35;0.353;01-09-2025;01-09-2025 10:09;01-09-2025 10:14
20;F+U;10:15;10:19;;;0.35;0.421;01-09-2025;01-09-2025 10:15;01-09-2025 10:19
1;F;10:20;10:23;;;0.35;0.373;01-09-2025;01-09-2025 10:20;01-09-2025 10:23
11;F;10:24;10:28;;;0.351;0.367;01-09-2025;01-09-2025 10:24;01-09-2025 10:28
7;F;10:29;10:33:40;;;0.352;0.367;01-09-2025;01-09-2025 10:29;01-09-2025 10:33
3;F+U;10:34:20;10:40:40;;;0.351;0.491;01-09-2025;01-09-2025 10:34;01-09-2025 10:40
17;BG;10:41:30;10:45;;;0.35;0.352;01-09-2025;01-09-2025 10:41;01-09-2025 10:45
10;F+U;10:45:40;10:49;;;0.351;0.398;01-09-2025;01-09-2025 10:45;01-09-2025 10:49
14;F;10:49:40;10:55;;;0.35;0.353;01-09-2025;01-09-2025 10:49;01-09-2025 10:55
16;U;10:55:20;10:59;;;0.351;0.402;01-09-2025;01-09-2025 10:55;01-09-2025 10:59
13;F+U;01:23;01:27;2.094;2.28;;;01-09-2025;01-09-2025 01:23;01-09-2025 01:27
5;U;01:28;01:31;2.089;2.081;;;01-09-2025;01-09-2025 01:28;01-09-2025 01:31
3;F+U;01:32;01:37;2.09;2.247;;;01-09-2025;01-09-2025 01:32;01-09-2025 01:37
1;F;01:37;01:41;2.084;2.246;;;01-09-2025;01-09-2025 01:37;01-09-2025 01:41
2;U;01:42;01:46;2.077;2.067;;;01-09-2025;01-09-2025 01:42;01-09-2025 01:46
11;F;01:47;01:52;2.07;2.303;;;01-09-2025;01-09-2025 01:47;01-09-2025 01:52
4;BG;01:53;01:58;2.065;2.061;;;01-09-2025;01-09-2025 01:53;01-09-2025 01:58
16;U;01:59;02:02;2.067;2.062;;;01-09-2025;01-09-2025 01:59;01-09-2025 02:02
17;BG;02:02;02:05;2.063;2.063;;;01-09-2025;01-09-2025 02:02;01-09-2025 02:05
20;F+U;02:06;02:11;2.068;2.253;;;01-09-2025;01-09-2025 02:06;01-09-2025 02:11
7;F;02:12;02:17;2.071;2.265;;;01-09-2025;01-09-2025 02:12;01-09-2025 02:17
15;BG;02:17;02:21;2.061;2.049;;;01-09-2025;01-09-2025 02:17;01-09-2025 02:21
12;U;02:22;02:25;2.061;2.055;;;01-09-2025;01-09-2025 02:22;01-09-2025 02:25
14;F;02:25;02:31;2.06;2.361;;;01-09-2025;01-09-2025 02:25;01-09-2025 02:31
8;F+U;02:32;02:39;2.082;2.486;;;01-09-2025;01-09-2025 02:32;01-09-2025 02:39
19;U;02:39;02:43;2.055;2.062;;;01-09-2025;01-09-2025 02:39;01-09-2025 02:43
9;BG;02:44;02:47;2.054;2.057;;;01-09-2025;01-09-2025 02:44;01-09-2025 02:47
18;F;02:48;02:52;2.056;2.208;;;01-09-2025;01-09-2025 02:48;01-09-2025 02:52
10;F+U;02:53;02:57;2.068;2.268;;;01-09-2025;01-09-2025 02:53;01-09-2025 02:57
6;BG;02:57;03:01;2.055;2.056;;;01-09-2025;01-09-2025 02:57;01-09-2025 03:01
12;U;01:21:20;01:25:15;;;0.35;0.752;02-09-2025;02-09-2025 01:21;02-09-2025 01:25
7;F;01:26;01:30;;;0.35;0.372;02-09-2025;02-09-2025 01:26;02-09-2025 01:30
15;BG;01:31:05;01:34:35;;;0.351;0.352;02-09-2025;02-09-2025 01:31;02-09-2025 01:34
3;F+U;01:35:10;01:38:40;;;0.351;0.573;02-09-2025;02-09-2025 01:35;02-09-2025 01:38
20;F+U;01:39:50;01:43:20;;;0.36;0.489;02-09-2025;02-09-2025 01:39;02-09-2025 01:43
8;F+U;01:44;01:47:25;;;0.357;0.548;02-09-2025;02-09-2025 01:44;02-09-2025 01:47
14;F;01:48;01:53:50;;;0.352;0.353;02-09-2025;02-09-2025 01:48;02-09-2025 01:53
1;F;01:54:40;02:00:15;;;0.351;0.378;02-09-2025;02-09-2025 01:54;02-09-2025 02:00
19;U;02:01:25;02:06:40;;;0.352;0.457;02-09-2025;02-09-2025 02:01;02-09-2025 02:06
5;U;02:07:50;02:11;;;0.355;0.684;02-09-2025;02-09-2025 02:07;02-09-2025 02:11
11;F;02:11:20;02:15;;;0.352;0.379;02-09-2025;02-09-2025 02:11;02-09-2025 02:15
9;BG;02:15:35;02:20:05;;;0.353;0.354;02-09-2025;02-09-2025 02:15;02-09-2025 02:20
6;BG;02:20:40;02:24:10;;;0.351;0.352;02-09-2025;02-09-2025 02:20;02-09-2025 02:24
18;F;02:25:20;02:29;;;0.351;0.362;02-09-2025;02-09-2025 02:25;02-09-2025 02:29
4;BG;02:30;02:33:55;;;0.351;0.353;02-09-2025;02-09-2025 02:30;02-09-2025 02:33
10;F+U;02:43:35;02:48:05;;;0.36;0.436;02-09-2025;02-09-2025 02:43;02-09-2025 02:48
2;U;02:34:40;02:38:10;;;0.351;0.438;02-09-2025;02-09-2025 02:34;02-09-2025 02:38
16;U;02:39;02:42:50;;;0.355;0.659;02-09-2025;02-09-2025 02:39;02-09-2025 02:42
13;F+U;02:52:50;02:56:50;;;0.351;0.429;02-09-2025;02-09-2025 02:52;02-09-2025 02:56
17;BG;02:48:50;02:52:10;;;0.35;0.351;02-09-2025;02-09-2025 02:48;02-09-2025 02:52
12;U;12:14:35;12:19;2.1;2.1;;;02-09-2025;02-09-2025 12:14;02-09-2025 12:19
7;F;12:19:40;12:22:40;2.128;2.246;;;02-09-2025;02-09-2025 12:19;02-09-2025 12:22
15;BG;12:23:30;12:26:20;2.125;2.112;;;02-09-2025;02-09-2025 12:23;02-09-2025 12:26
3;F+U;12:27:10;12:30:20;2.1;2.16;;;02-09-2025;02-09-2025 12:27;02-09-2025 12:30
20;F+U;12:31:40;12:35;2.11;2.236;;;02-09-2025;02-09-2025 12:31;02-09-2025 12:35
8;F+U;12:35:50;12:39:40;2.1;2.231;;;02-09-2025;02-09-2025 12:35;02-09-2025 12:39
14;F;12:40:20;12:43:40;2.1;2.432;;;02-09-2025;02-09-2025 12:40;02-09-2025 12:43
1;F;12:44:20;12:47:40;2.1;2.169;;;02-09-2025;02-09-2025 12:44;02-09-2025 12:47
19;U;12:48:50;12:51:40;2.1;2.117;;;02-09-2025;02-09-2025 12:48;02-09-2025 12:51
5;U;12:52:30;12:56:20;2.111;2.105;;;02-09-2025;02-09-2025 12:52;02-09-2025 12:56
11;F;12:57:20;13:02;2.11;2.218;;;02-09-2025;02-09-2025 12:57;02-09-2025 13:02
9;BG;13:02:40;13:06:20;2.11;2.107;;;02-09-2025;02-09-2025 13:02;02-09-2025 13:06
6;BG;13:07:10;13:10;2.108;2.106;;;02-09-2025;02-09-2025 13:07;02-09-2025 13:10
18;F;13:10:50;13:13:40;2.1;2.209;;;02-09-2025;02-09-2025 13:10;02-09-2025 13:13
4;BG;13:14:40;13:18;2.11;2.109;;;02-09-2025;02-09-2025 13:14;02-09-2025 13:18
10;F+U;13:31:30;13:34:40;2.104;2.274;;;02-09-2025;02-09-2025 13:31;02-09-2025 13:34
2;U;13:18:40;13:22:20;2.107;2.106;;;02-09-2025;02-09-2025 13:18;02-09-2025 13:22
16;U;12:23:20;13:30;2.101;2.1;;;02-09-2025;02-09-2025 12:23;02-09-2025 13:30
13;F+U;13:40:40;13:43:40;2.1;2.224;;;02-09-2025;02-09-2025 13:40;02-09-2025 13:43
17;BG;13:55:50;13:40;2.1;2.1;;;02-09-2025;02-09-2025 13:55;02-09-2025 13:40
5;U;09:23;09:27;;;0.35;0.595;02-09-2025;02-09-2025 09:23;02-09-2025 09:27
17;BG;09:27;09:32;;;0.347;0.351;02-09-2025;02-09-2025 09:27;02-09-2025 09:32
12;U;09:32;09:36;;;0.351;0.698;02-09-2025;02-09-2025 09:32;02-09-2025 09:36
8;F+U;09:37;09:41;;;0.366;0.515;02-09-2025;02-09-2025 09:37;02-09-2025 09:41
3;F+U;09:41;09:45;;;0.36;0.503;02-09-2025;02-09-2025 09:41;02-09-2025 09:45
19;U;09:45;09:52;;;0.35;0.45;02-09-2025;02-09-2025 09:45;02-09-2025 09:52
7;F;09:52;09:57;;;0.354;0.377;02-09-2025;02-09-2025 09:52;02-09-2025 09:57
14;F;09:58;10:04;;;0.353;0.356;02-09-2025;02-09-2025 09:58;02-09-2025 10:04
10;F+U;10:05;10:09;;;0.352;0.41;02-09-2025;02-09-2025 10:05;02-09-2025 10:09
2;U;10:09;10:13;;;0.35;0.422;02-09-2025;02-09-2025 10:09;02-09-2025 10:13
18;F;10:13;10:18;;;0.355;0.369;02-09-2025;02-09-2025 10:13;02-09-2025 10:18
4;BG;10:19;10:22;;;0.352;0.354;02-09-2025;02-09-2025 10:19;02-09-2025 10:22
11;F;10:23;10:27;;;0.3516;0.373;02-09-2025;02-09-2025 10:23;02-09-2025 10:27
6;BG;10:27;10:31;;;0.353;0.354;02-09-2025;02-09-2025 10:27;02-09-2025 10:31
16;U;10:31;10:35;;;0.352;0.494;02-09-2025;02-09-2025 10:31;02-09-2025 10:35
1;F;10:36;10:41;;;0.355;0.388;02-09-2025;02-09-2025 10:36;02-09-2025 10:41
20;F+U;10:42;10:45;;;0.358;0.437;02-09-2025;02-09-2025 10:42;02-09-2025 10:45
13;F+U;10:46;10:50;;;0.36;0.451;02-09-2025;02-09-2025 10:46;02-09-2025 10:50
9;BG;10:50;10:54;;;0.353;0.354;02-09-2025;02-09-2025 10:50;02-09-2025 10:54
15;BG;10:54;10:59;;;0.352;0.354;02-09-2025;02-09-2025 10:54;02-09-2025 10:59
5;U;04:17;04:20;2.082;2.075;;;02-09-2025;02-09-2025 04:17;02-09-2025 04:20
17;BG;04:21;04:24;2.072;2.07;;;02-09-2025;02-09-2025 04:21;02-09-2025 04:24
12;U;04:24;04:28;2.069;2.07;;;02-09-2025;02-09-2025 04:24;02-09-2025 04:28
8;F+U;04:29;04:33;2.06;2.224;;;02-09-2025;02-09-2025 04:29;02-09-2025 04:33
3;F+U;04:33;04:37;2.069;2.114;;;02-09-2025;02-09-2025 04:33;02-09-2025 04:37
19;U;04:38;04:41;2.056;2.063;;;02-09-2025;02-09-2025 04:38;02-09-2025 04:41
7;F;04:42;04:46;2.054;2.198;;;02-09-2025;02-09-2025 04:42;02-09-2025 04:46
14;F;04:46;04:50;2.068;2.192;;;02-09-2025;02-09-2025 04:46;02-09-2025 04:50
10;F+U;04:50;04:54;2.069;2.22;;;02-09-2025;02-09-2025 04:50;02-09-2025 04:54
2;U;04:55;04:59;2.057;2.045;;;02-09-2025;02-09-2025 04:55;02-09-2025 04:59
18;F;05:00;05:04;2.052;2.183;;;02-09-2025;02-09-2025 05:00;02-09-2025 05:04
4;BG;05:04;05:07;2.051;2.052;;;02-09-2025;02-09-2025 05:04;02-09-2025 05:07
11;F;05:08;05:12;2.056;2.165;;;02-09-2025;02-09-2025 05:08;02-09-2025 05:12
6;BG;05:12;05:16;2.05;2.049;;;02-09-2025;02-09-2025 05:12;02-09-2025 05:16
16;U;05:17;05:20;2.048;2.042;;;02-09-2025;02-09-2025 05:17;02-09-2025 05:20
1;F;05:21;05:28;2.055;2.144;;;02-09-2025;02-09-2025 05:21;02-09-2025 05:28
20;F+U;05:28;05:33;2.055;2.235;;;02-09-2025;02-09-2025 05:28;02-09-2025 05:33
13;F+U;05:33;05:37;2.06;2.17;;;02-09-2025;02-09-2025 05:33;02-09-2025 05:37
9;BG;05:38;05:41;2.051;2.048;;;02-09-2025;02-09-2025 05:38;02-09-2025 05:41
15;BG;05:42;05:45;2.049;2.047;;;02-09-2025;02-09-2025 05:42;02-09-2025 05:45
6;BG;01:44:10;01:47:05;2.104;2.09;;;03-09-2025;03-09-2025 01:44;03-09-2025 01:47
13;F+U;01:48:15;01:50:35;2.1;2.144;;;03-09-2025;03-09-2025 01:48;03-09-2025 01:50
2;U;01:51:20;01:54:40;2.08;2.078;;;03-09-2025;03-09-2025 01:51;03-09-2025 01:54
17;BG;01:55:20;01:57:35;2.078;2.077;;;03-09-2025;03-09-2025 01:55;03-09-2025 01:57
9;BG;01:58:10;02:01:05;2.075;2.07;;;03-09-2025;03-09-2025 01:58;03-09-2025 02:01
1;F;02:01:40;02:05:10;2.07;2.089;;;03-09-2025;03-09-2025 02:01;03-09-2025 02:05
14;F;02:05:40;02:08:40;2.072;2.146;;;03-09-2025;03-09-2025 02:05;03-09-2025 02:08
20;F+U;02:09:15;02:13;2.07;2.178;;;03-09-2025;03-09-2025 02:09;03-09-2025 02:13
4;BG;02:14:20;02:16:50;2.06;2.06;;;03-09-2025;03-09-2025 02:14;03-09-2025 02:16
12;U;02:17:20;02:20:20;2.063;2.06;;;03-09-2025;03-09-2025 02:17;03-09-2025 02:20
11;F;02:20:55;02:23:50;2.06;2.132;;;03-09-2025;03-09-2025 02:20;03-09-2025 02:23
7;F;02:24:30;02:26:45;2.055;2.1;;;03-09-2025;03-09-2025 02:24;03-09-2025 02:26
3;F+U;02:27:30;02:30:15;2.055;2.086;;;03-09-2025;03-09-2025 02:27;03-09-2025 02:30
10;F+U;02:31;02:34:20;2.052;2.164;;;03-09-2025;03-09-2025 02:31;03-09-2025 02:34
5;U;02:35;02:37:50;2.05;2.05;;;03-09-2025;03-09-2025 02:35;03-09-2025 02:37
18;F;02:38:30;02:41:20;2.05;2.104;;;03-09-2025;03-09-2025 02:38;03-09-2025 02:41
8;F+U;02:42;02:44:50;2.05;2.13;;;03-09-2025;03-09-2025 02:42;03-09-2025 02:44
15;BG;02:45;02:48:20;2.055;2.047;;;03-09-2025;03-09-2025 02:45;03-09-2025 02:48
19;U;02:49;02:51:50;2.05;2.052;;;03-09-2025;03-09-2025 02:49;03-09-2025 02:51
16;U;02:52:25;02:58;2.05;2.042;;;03-09-2025;03-09-2025 02:52;03-09-2025 02:58
20;F+U;09:42;09:45;;;0.343;0.473;03-09-2025;03-09-2025 09:42;03-09-2025 09:45
16;U;09:46;09:49;;;0.35;0.607;03-09-2025;03-09-2025 09:46;03-09-2025 09:49
15;BG;09:50;09:53;;;0.361;0.365;03-09-2025;03-09-2025 09:50;03-09-2025 09:53
12;U;09:53;09:56;;;0.352;0.593;03-09-2025;03-09-2025 09:53;03-09-2025 09:56
14;F;09:57;10:00;;;0.351;0.352;03-09-2025;03-09-2025 09:57;03-09-2025 10:00
10;F+U;10:01;10:04;;;0.351;0.439;03-09-2025;03-09-2025 10:01;03-09-2025 10:04
3;F+U;10:04;10:07;;;0.358;0.58;03-09-2025;03-09-2025 10:04;03-09-2025 10:07
1;F;10:08;10:11;;;0.357;0.379;03-09-2025;03-09-2025 10:08;03-09-2025 10:11
11;F;10:11;10:14;;;0.354;0.372;03-09-2025;03-09-2025 10:11;03-09-2025 10:14
8;F+U;10:16;10:19;;;0.353;0.528;03-09-2025;03-09-2025 10:16;03-09-2025 10:19
18;F;10:19;10:22;;;0.353;0.365;03-09-2025;03-09-2025 10:19;03-09-2025 10:22
17;BG;10:22;10:25;;;0.3525;0.353;03-09-2025;03-09-2025 10:22;03-09-2025 10:25
5;U;10:26;10:29;;;0.352;0.567;03-09-2025;03-09-2025 10:26;03-09-2025 10:29
7;F;10:30;10:33;;;0.355;0.368;03-09-2025;03-09-2025 10:30;03-09-2025 10:33
19;U;10:34;10:37;;;0.352;0.43;03-09-2025;03-09-2025 10:34;03-09-2025 10:37
4;BG;10:37;10:40;;;0.352;0.355;03-09-2025;03-09-2025 10:37;03-09-2025 10:40
9;BG;10:40;10:43;;;0.352;0.353;03-09-2025;03-09-2025 10:40;03-09-2025 10:43
6;BG;10:43;10:46;;;0.352;0.354;03-09-2025;03-09-2025 10:43;03-09-2025 10:46
2;U;10:47;10:50;;;0.352;0.468;03-09-2025;03-09-2025 10:47;03-09-2025 10:50
13;F+U;10:50;10:56;;;0.354;0.441;03-09-2025;03-09-2025 10:50;03-09-2025 10:56
10;F+U;13:09;13:12;2.06;2.3;;;04-09-2025;04-09-2025 13:09;04-09-2025 13:12
20;F+U;13:12;13:15;2.05;2.147;;;04-09-2025;04-09-2025 13:12;04-09-2025 13:15
17;BG;13:15;13:18;2.05;2.058;;;04-09-2025;04-09-2025 13:15;04-09-2025 13:18
4;BG;13:18;13:21;2.09;2.077;;;04-09-2025;04-09-2025 13:18;04-09-2025 13:21
7;F;13:21;13:25;2.035;2.11;;;04-09-2025;04-09-2025 13:21;04-09-2025 13:25
13;F+U;13:25;13:29;2.06;2.159;;;04-09-2025;04-09-2025 13:25;04-09-2025 13:29
1;F;13:30;13:34;2.04;2.072;;;04-09-2025;04-09-2025 13:30;04-09-2025 13:34
3;F+U;13:34;13:37;2.07;2.113;;;04-09-2025;04-09-2025 13:34;04-09-2025 13:37
18;F;13:38;13:41;2.072;2.152;;;04-09-2025;04-09-2025 13:38;04-09-2025 13:41
12;U;13:41;13:44;2.072;2.071;;;04-09-2025;04-09-2025 13:41;04-09-2025 13:44
11;F;13:45;13:49;2.07;2.149;;;04-09-2025;04-09-2025 13:45;04-09-2025 13:49
14;F;13:50;13:52;2.1;2.232;;;04-09-2025;04-09-2025 13:50;04-09-2025 13:52
16;U;13:53;13:56;2.03;2.034;;;04-09-2025;04-09-2025 13:53;04-09-2025 13:56
9;BG;13:57;14:00;2.035;2.089;;;04-09-2025;04-09-2025 13:57;04-09-2025 14:00
2;U;14:00;14:04;2.04;2.04;;;04-09-2025;04-09-2025 14:00;04-09-2025 14:04
8;F+U;14:05;14:08;2.072;2.172;;;04-09-2025;04-09-2025 14:05;04-09-2025 14:08
6;BG;14:09;14:12;2.056;2.051;;;04-09-2025;04-09-2025 14:09;04-09-2025 14:12
5;U;14:13;14:16;2.07;2.066;;;04-09-2025;04-09-2025 14:13;04-09-2025 14:16
15;BG;14:16;14:19;2.15;2.156;;;04-09-2025;04-09-2025 14:16;04-09-2025 14:19
19;U;14:20;14:23;2.03;2.037;;;04-09-2025;04-09-2025 14:20;04-09-2025 14:23
10;F+U;01:23;01:26;;;0.344;0.4;04-09-2025;04-09-2025 01:23;04-09-2025 01:26
20;F+U;01:27;01:31;;;0.35;0.43;04-09-2025;04-09-2025 01:27;04-09-2025 01:31
17;BG;01:32;01:37;;;0.349;0.349;04-09-2025;04-09-2025 01:32;04-09-2025 01:37
4;BG;01:39;01:44;;;0.349;0.354;04-09-2025;04-09-2025 01:39;04-09-2025 01:44
7;F;01:45;01:49;;;0.351;0.375;04-09-2025;04-09-2025 01:45;04-09-2025 01:49
13;F+U;01:50;01:54;;;0.351;0.459;04-09-2025;04-09-2025 01:50;04-09-2025 01:54
1;F;01:54;01:59;;;0.356;0.373;04-09-2025;04-09-2025 01:54;04-09-2025 01:59
3;F+U;02:00;02:04;;;0.356;0.517;04-09-2025;04-09-2025 02:00;04-09-2025 02:04
18;F;02:05;02:08;;;0.354;0.365;04-09-2025;04-09-2025 02:05;04-09-2025 02:08
12;U;02:09;02:12;;;0.352;0.532;04-09-2025;04-09-2025 02:09;04-09-2025 02:12
11;F;02:13;02:16;;;0.354;0.374;04-09-2025;04-09-2025 02:13;04-09-2025 02:16
14;F;02:17;02:22;;;0.351;0.352;04-09-2025;04-09-2025 02:17;04-09-2025 02:22
16;U;02:23;02:27;;;0.351;0.501;04-09-2025;04-09-2025 02:23;04-09-2025 02:27
9;BG;02:28;02:32;;;0.351;0.353;04-09-2025;04-09-2025 02:28;04-09-2025 02:32
2;U;02:33;02:36;;;0.352;0.481;04-09-2025;04-09-2025 02:33;04-09-2025 02:36
8;F+U;02:36;02:41;;;0.35;0.524;04-09-2025;04-09-2025 02:36;04-09-2025 02:41
6;BG;02:41;02:46;;;0.353;0.354;04-09-2025;04-09-2025 02:41;04-09-2025 02:46
5;U;02:48;02:51;;;0.35;0.537;04-09-2025;04-09-2025 02:48;04-09-2025 02:51
15;BG;02:52;02:55;;;0.351;0.352;04-09-2025;04-09-2025 02:52;04-09-2025 02:55
19;U;02:56;02:59;;;0.351;0.458;04-09-2025;04-09-2025 02:56;04-09-2025 02:59
3;F+U;09:25;09:30;;;0.343;0.537;04-09-2025;04-09-2025 09:25;04-09-2025 09:30
5;U;09:30;09:36;;;0.364;0.591;04-09-2025;04-09-2025 09:30;04-09-2025 09:36
2;U;09:37;09:42;;;0.356;0.446;04-09-2025;04-09-2025 09:37;04-09-2025 09:42
8;F+U;09:44;09:48;;;0.36;0.472;04-09-2025;04-09-2025 09:44;04-09-2025 09:48
19;U;09:49;09:53;;;0.358;0.414;04-09-2025;04-09-2025 09:49;04-09-2025 09:53
4;BG;09:54;09:58;;;0.352;0.355;04-09-2025;04-09-2025 09:54;04-09-2025 09:58
17;BG;09:59;10:02;;;0.351;0.351;04-09-2025;04-09-2025 09:59;04-09-2025 10:02
12;U;10:03;10:07;;;0.368;0.493;04-09-2025;04-09-2025 10:03;04-09-2025 10:07
14;F;10:07;10:11;;;0.355;0.355;04-09-2025;04-09-2025 10:07;04-09-2025 10:11
13;F+U;10:11;10:15;;;0.357;0.41;04-09-2025;04-09-2025 10:11;04-09-2025 10:15
16;U;10:16;10:21;;;0.357;0.437;04-09-2025;04-09-2025 10:16;04-09-2025 10:21
11;F;10:21;10:26;;;0.353;0.367;04-09-2025;04-09-2025 10:21;04-09-2025 10:26
7;F;10:26;10:30;;;0.353;0.364;04-09-2025;04-09-2025 10:26;04-09-2025 10:30
1;F;10:30;10:34;;;0.354;0.37;04-09-2025;04-09-2025 10:30;04-09-2025 10:34
6;BG;10:35;10:38;;;0.353;0.354;04-09-2025;04-09-2025 10:35;04-09-2025 10:38
18;F;10:39;10:43;;;0.354;0.363;04-09-2025;04-09-2025 10:39;04-09-2025 10:43
10;F+U;10:43;10:50;;;0.356;0.382;04-09-2025;04-09-2025 10:43;04-09-2025 10:50
9;BG;10:51;10:54;;;0.352;0.353;04-09-2025;04-09-2025 10:51;04-09-2025 10:54
20;F+U;10:54;10:58;;;0.355;0.375;04-09-2025;04-09-2025 10:54;04-09-2025 10:58
15;BG;10:59;11:02;;;0.351;0.351;04-09-2025;04-09-2025 10:59;04-09-2025 11:02
3;F+U;05:10;05:13;2.105;2.115;;;04-09-2025;04-09-2025 05:10;04-09-2025 05:13
5;U;05:14;05:16;2.052;2.042;;;04-09-2025;04-09-2025 05:14;04-09-2025 05:16
2;U;05:17;05:20;2.03;2.029;;;04-09-2025;04-09-2025 05:17;04-09-2025 05:20
8;F+U;05:20;05:23;2.04;2.324;;;04-09-2025;04-09-2025 05:20;04-09-2025 05:23
19;U;05:24;05:27;2.075;2.084;;;04-09-2025;04-09-2025 05:24;04-09-2025 05:27
4;BG;05:27;05:31;2.025;2.034;;;04-09-2025;04-09-2025 05:27;04-09-2025 05:31
17;BG;05:32;05:35;2.023;2.03;;;04-09-2025;04-09-2025 05:32;04-09-2025 05:35
12;U;05:36;05:39;2.071;2.075;;;04-09-2025;04-09-2025 05:36;04-09-2025 05:39
14;F;05:39;05:43;2.045;2.144;;;04-09-2025;04-09-2025 05:39;04-09-2025 05:43
13;F+U;05:43;05:48;2.139;2.196;;;04-09-2025;04-09-2025 05:43;04-09-2025 05:48
16;U;05:48;05:51;2.087;2.084;;;04-09-2025;04-09-2025 05:48;04-09-2025 05:51
11;F;05:51;05:55;2.08;2.147;;;04-09-2025;04-09-2025 05:51;04-09-2025 05:55
7;F;05:55;05:58;2.048;2.091;;;04-09-2025;04-09-2025 05:55;04-09-2025 05:58
1;F;05:59;06:03;2.046;2.057;;;04-09-2025;04-09-2025 05:59;04-09-2025 06:03
6;BG;06:03;06:07;2.162;2.158;;;04-09-2025;04-09-2025 06:03;04-09-2025 06:07
18;F;06:07;06:10;2.032;2.079;;;04-09-2025;04-09-2025 06:07;04-09-2025 06:10
10;F+U;06:11;06:14;2.03;2.129;;;04-09-2025;04-09-2025 06:11;04-09-2025 06:14
9;BG;06:14;06:17;2.056;2.059;;;04-09-2025;04-09-2025 06:14;04-09-2025 06:17
20;F+U;06:18;06:21;2.04;2.176;;;04-09-2025;04-09-2025 06:18;04-09-2025 06:21
15;BG;06:22;06:25;2.042;2.041;;;04-09-2025;04-09-2025 06:22;04-09-2025 06:25
2;U;01:19;01:22;2.148;2.138;;;05-09-2025;05-09-2025 01:19;05-09-2025 01:22
10;F+U;01:23;01:26;2.14;2.188;;;05-09-2025;05-09-2025 01:23;05-09-2025 01:26
12;U;01:27;01:30;2.141;2.138;;;05-09-2025;05-09-2025 01:27;05-09-2025 01:30
15;BG;01:30;01:33;2.133;2.128;;;05-09-2025;05-09-2025 01:30;05-09-2025 01:33
1;F;01:34;01:37;2.132;2.142;;;05-09-2025;05-09-2025 01:34;05-09-2025 01:37
8;F+U;01:38;01:41;2.13;2.187;;;05-09-2025;05-09-2025 01:38;05-09-2025 01:41
14;F;01:42;01:45;2.136;2.181;;;05-09-2025;05-09-2025 01:42;05-09-2025 01:45
19;U;01:46;01:49;2.124;2.132;;;05-09-2025;05-09-2025 01:46;05-09-2025 01:49
4;BG;01:50;01:53;2.118;2.116;;;05-09-2025;05-09-2025 01:50;05-09-2025 01:53
7;F;01:54;01:57;2.128;2.148;;;05-09-2025;05-09-2025 01:54;05-09-2025 01:57
11;F;01:58;02:01;2.125;2.161;;;05-09-2025;05-09-2025 01:58;05-09-2025 02:01
5;U;02:01;02:04;2.125;2.121;;;05-09-2025;05-09-2025 02:01;05-09-2025 02:04
17;BG;02:06;02:09;2.124;2.116;;;05-09-2025;05-09-2025 02:06;05-09-2025 02:09
20;F+U;02:10;02:13;2.12;2.192;;;05-09-2025;05-09-2025 02:10;05-09-2025 02:13
13;F+U;02:14;02:17;2.12;2.14;;;05-09-2025;05-09-2025 02:14;05-09-2025 02:17
9;BG;02:18;02:21;2.119;2.118;;;05-09-2025;05-09-2025 02:18;05-09-2025 02:21
6;BG;02:21;02:24;2.119;2.117;;;05-09-2025;05-09-2025 02:21;05-09-2025 02:24
3;F+U;02:24;02:27;2.123;2.136;;;05-09-2025;05-09-2025 02:24;05-09-2025 02:27
18;F;02:28;02:31;2.121;2.159;;;05-09-2025;05-09-2025 02:28;05-09-2025 02:31
16;U;02:32;02:35;2.127;2.124;;;05-09-2025;05-09-2025 02:32;05-09-2025 02:35
1;F;09:17:50;09:20:40;;;0.3435;0.36;05-09-2025;05-09-2025 09:17;05-09-2025 09:20
17;BG;09:22:00;09:25:00;;;0.348;0.35;05-09-2025;05-09-2025 09:22;05-09-2025 09:25
16;U;09:25:50;09:28:20;;;0.349;0.368;05-09-2025;05-09-2025 09:25;05-09-2025 09:28
10;F+U;09:29:10;09:32:00;;;0.35;0.372;05-09-2025;05-09-2025 09:29;05-09-2025 09:32
13;F+U;09:32:40;09:35:00;;;0.356;0.378;05-09-2025;05-09-2025 09:32;05-09-2025 09:35
11;F;09:35:50;09:39:20;;;0.356;0.371;05-09-2025;05-09-2025 09:35;05-09-2025 09:39
5;U;09:40:20;09:43:00;;;0.36;0.412;05-09-2025;05-09-2025 09:40;05-09-2025 09:43
9;BG;09:43:50;09:47:20;;;0.352;0.353;05-09-2025;05-09-2025 09:43;05-09-2025 09:47
8;F+U;09:48;09:51;;;0.352;0.413;05-09-2025;05-09-2025 09:48;05-09-2025 09:51
14;F;09:52:20;09:55:00;;;0.352;0.353;05-09-2025;05-09-2025 09:52;05-09-2025 09:55
2;U;09:56;09:58;;;0.351;0.387;05-09-2025;05-09-2025 09:56;05-09-2025 09:58
4;BG;09:59:25;10:02:20;;;0.353;0.355;05-09-2025;05-09-2025 09:59;05-09-2025 10:02
6;BG;10:03;10:07;;;0.351;0.352;05-09-2025;05-09-2025 10:03;05-09-2025 10:07
18;F;10:08:20;10:11:00;;;0.351;0.362;05-09-2025;05-09-2025 10:08;05-09-2025 10:11
15;BG;10:12;10:15;;;0.351;0.352;05-09-2025;05-09-2025 10:12;05-09-2025 10:15
3;F+U;10:15:55;10:18:40;;;0.352;0.454;05-09-2025;05-09-2025 10:15;05-09-2025 10:18
7;F;10:19:30;10:22:20;;;0.356;0.367;05-09-2025;05-09-2025 10:19;05-09-2025 10:22
19;U;10:23:10;10:25:40;;;0.352;0.39;05-09-2025;05-09-2025 10:23;05-09-2025 10:25
12;U;10:26:45;10:29:00;;;0.352;0.415;05-09-2025;05-09-2025 10:26;05-09-2025 10:29
20;F+U;10:29:45;10:34:40;;;0.35;0.437;05-09-2025;05-09-2025 10:29;05-09-2025 10:34
10;F+U;09:34;09:39;;;0.348;0.393;08-09-2025;08-09-2025 09:34;08-09-2025 09:39
1;F;09:40;09:46;;;0.351;0.365;08-09-2025;08-09-2025 09:40;08-09-2025 09:46
12;U;09:47;09:52;;;0.351;0.409;08-09-2025;08-09-2025 09:47;08-09-2025 09:52
20;F+U;09:53;09:57;;;0.35;0.415;08-09-2025;08-09-2025 09:53;08-09-2025 09:57
14;F;09:58;10:02;;;0.352;0.352;08-09-2025;08-09-2025 09:58;08-09-2025 10:02
17;BG;10:03;10:06;;;0.352;0.352;08-09-2025;08-09-2025 10:03;08-09-2025 10:06
4;BG;10:07;10:10;;;0.352;0.353;08-09-2025;08-09-2025 10:07;08-09-2025 10:10
13;F+U;10:10;10:13;;;0.352;0.381;08-09-2025;08-09-2025 10:10;08-09-2025 10:13
7;F;10:13;10:17:40;;;0.354;0.363;08-09-2025;08-09-2025 10:13;08-09-2025 10:17
18;F;10:18;10:21:20;;;0.352;0.361;08-09-2025;08-09-2025 10:18;08-09-2025 10:21
6;BG;10:22;10:25;;;0.352;0.353;08-09-2025;08-09-2025 10:22;08-09-2025 10:25
19;U;10:26;10:29;;;0.352;0.421;08-09-2025;08-09-2025 10:26;08-09-2025 10:29
3;F+U;10:30;10:33;;;0.35;0.406;08-09-2025;08-09-2025 10:30;08-09-2025 10:33
5;U;10:34;10:37;;;0.359;0.394;08-09-2025;08-09-2025 10:34;08-09-2025 10:37
2;U;10:38;10:41;;;0.354;0.366;08-09-2025;08-09-2025 10:38;08-09-2025 10:41
11;F;10:42;10:45;;;0.353;0.361;08-09-2025;08-09-2025 10:42;08-09-2025 10:45
8;F+U;10:46;10:49;;;0.353;0.39;08-09-2025;08-09-2025 10:46;08-09-2025 10:49
16;U;10:50;10:53;;;0.355;0.366;08-09-2025;08-09-2025 10:50;08-09-2025 10:53
9;BG;10:54;10:57;;;0.353;0.353;08-09-2025;08-09-2025 10:54;08-09-2025 10:57
15;BG;10:57:40;11:00:40;;;0.353;0.353;08-09-2025;08-09-2025 10:57;08-09-2025 11:00
7;F;09:22;09:28;;;0.346;0.364;10-09-2025;10-09-2025 09:22;10-09-2025 09:28
14;F;09:29;09:32;;;0.352;0.354;10-09-2025;10-09-2025 09:29;10-09-2025 09:32
2;U;09:33;09:36;;;0.352;0.361;10-09-2025;10-09-2025 09:33;10-09-2025 09:36
19;U;09:37;09:40;;;0.354;0.457;10-09-2025;10-09-2025 09:37;10-09-2025 09:40
11;F;09:43;09:47;;;0.355;0.365;10-09-2025;10-09-2025 09:43;10-09-2025 09:47
5;U;09:48;09:51;;;0.354;0.37;10-09-2025;10-09-2025 09:48;10-09-2025 09:51
17;BG;09:52;09:57;;;0.354;0.355;10-09-2025;10-09-2025 09:52;10-09-2025 09:57
1;F;09:58;10:01;;;0.354;0.361;10-09-2025;10-09-2025 09:58;10-09-2025 10:01
20;F+U;10:02:40;10:05:40;;;0.355;0.4;10-09-2025;10-09-2025 10:02;10-09-2025 10:05
8;F+U;10:06:40;10:09:40;;;0.358;0.38;10-09-2025;10-09-2025 10:06;10-09-2025 10:09
3;F+U;10:10;10:13;;;0.356;0.387;10-09-2025;10-09-2025 10:10;10-09-2025 10:13
13;F+U;10:15;10:18;;;0.355;0.387;10-09-2025;10-09-2025 10:15;10-09-2025 10:18
10;F+U;10:19;10:22;;;0.356;0.373;10-09-2025;10-09-2025 10:19;10-09-2025 10:22
6;BG;10:22:40;10:25:40;;;0.353;0.354;10-09-2025;10-09-2025 10:22;10-09-2025 10:25
18;F;10:26;10:29;;;0.352;0.361;10-09-2025;10-09-2025 10:26;10-09-2025 10:29
4;BG;10:30;10:33;;;0.353;0.354;10-09-2025;10-09-2025 10:30;10-09-2025 10:33
15;BG;10:34;10:37;;;0.353;0.353;10-09-2025;10-09-2025 10:34;10-09-2025 10:37
12;U;10:37:40;10:40:40;;;0.352;0.373;10-09-2025;10-09-2025 10:37;10-09-2025 10:40
9;BG;10:41;10:44;;;0.353;0.353;10-09-2025;10-09-2025 10:41;10-09-2025 10:44
16;U;10:45;10:50;;;0.354;0.368;10-09-2025;10-09-2025 10:45;10-09-2025 10:50
10;F+U;01:31;01:34;2.173;2.189;;;11-09-2025;11-09-2025 01:31;11-09-2025 01:34
1;F;01:35;01:38;2.165;2.161;;;11-09-2025;11-09-2025 01:35;11-09-2025 01:38
12;U;01:39;01:43;2.164;2.157;;;11-09-2025;11-09-2025 01:39;11-09-2025 01:43
20;F+U;01:43;01:46;2.155;2.157;;;11-09-2025;11-09-2025 01:43;11-09-2025 01:46
14;F;01:47;01:50;2.15;2.161;;;11-09-2025;11-09-2025 01:47;11-09-2025 01:50
17;BG;01:51:25;01:55:00;2.134;2.122;;;11-09-2025;11-09-2025 01:51;11-09-2025 01:55
4;BG;01:56;01:59;2.139;2.137;;;11-09-2025;11-09-2025 01:56;11-09-2025 01:59
13;F+U;02:00;02:03;2.141;2.163;;;11-09-2025;11-09-2025 02:00;11-09-2025 02:03
7;F;02:04;02:07;2.144;2.158;;;11-09-2025;11-09-2025 02:04;11-09-2025 02:07
18;F;02:07;02:10;2.15;2.151;;;11-09-2025;11-09-2025 02:07;11-09-2025 02:10
6;BG;02:12;02:15;2.146;2.149;;;11-09-2025;11-09-2025 02:12;11-09-2025 02:15
19;U;02:16;02:19;2.145;2.15;;;11-09-2025;11-09-2025 02:16;11-09-2025 02:19
3;F+U;02:20;02:23;2.144;2.151;;;11-09-2025;11-09-2025 02:20;11-09-2025 02:23
5;U;02:24;02:27;2.141;2.139;;;11-09-2025;11-09-2025 02:24;11-09-2025 02:27
2;U;02:27;02:30;2.135;2.138;;;11-09-2025;11-09-2025 02:27;11-09-2025 02:30
11;F;02:31;02:34;2.138;2.158;;;11-09-2025;11-09-2025 02:31;11-09-2025 02:34
8;F+U;02:34:35;02:37:35;2.124;2.13;;;11-09-2025;11-09-2025 02:34;11-09-2025 02:37
16;U;02:38;02:41;2.125;2.124;;;11-09-2025;11-09-2025 02:38;11-09-2025 02:41
9;BG;02:41:35;02:44:35;2.126;2.125;;;11-09-2025;11-09-2025 02:41;11-09-2025 02:44
15;BG;02:45;02:48;2.122;2.114;;;11-09-2025;11-09-2025 02:45;11-09-2025 02:48
7;F;09:20;09:23;;;0.349;0.354;15-09-2025;15-09-2025 09:20;15-09-2025 09:23
14;F;09:24:20;09:27:20;;;0.349;0.351;15-09-2025;15-09-2025 09:24;15-09-2025 09:27
2;U;09:28;09:32;;;0.35;0.393;15-09-2025;15-09-2025 09:28;15-09-2025 09:32
19;U;09:33;09:36;;;0.352;0.422;15-09-2025;15-09-2025 09:33;15-09-2025 09:36
5;U;09:37;09:40;;;0.352;0.426;15-09-2025;15-09-2025 09:37;15-09-2025 09:40
11;F;09:41:10;09:44:20;;;0.357;0.37;15-09-2025;15-09-2025 09:41;15-09-2025 09:44
17;BG;09:45:20;09:48:20;;;0.357;0.36;15-09-2025;15-09-2025 09:45;15-09-2025 09:48
1;F;09:49:10;09:52:10;;;0.355;0.361;15-09-2025;15-09-2025 09:49;15-09-2025 09:52
9;BG;09:53:40;09:57:40;;;0.355;0.356;15-09-2025;15-09-2025 09:53;15-09-2025 09:57
20;F+U;09:58:20;10:01:20;;;0.354;0.493;15-09-2025;15-09-2025 09:58;15-09-2025 10:01
3;F+U;10:05;10:08;;;0.369;0.438;15-09-2025;15-09-2025 10:05;15-09-2025 10:08
13;F+U;10:08:40;10:12:20;;;0.36;0.398;15-09-2025;15-09-2025 10:08;15-09-2025 10:12
6;BG;10:13:20;10:16:20;;;0.355;0.355;15-09-2025;15-09-2025 10:13;15-09-2025 10:16
18;F;10:17;10:29;;;0.355;;15-09-2025;15-09-2025 10:17;15-09-2025 10:29
8;F+U;10:31;10:34;;;0.355;0.466;15-09-2025;15-09-2025 10:31;15-09-2025 10:34
16;U;10:35:20;10:38:20;;;0.355;0.443;15-09-2025;15-09-2025 10:35;15-09-2025 10:38
4;BG;10:39:20;10:42:20;;;0.354;0.356;15-09-2025;15-09-2025 10:39;15-09-2025 10:42
12;U;10:43;10:46;;;0.356;0.425;15-09-2025;15-09-2025 10:43;15-09-2025 10:46
15;BG;10:46:40;10:49:40;;;0.356;0.357;15-09-2025;15-09-2025 10:46;15-09-2025 10:49
10;F+U;10:50:20;10:53:20;;;0.354;0.419;15-09-2025;15-09-2025 10:50;15-09-2025 10:53
8;F+U;01:31;01:34;2.294;2.298;;;17-09-2025;17-09-2025 01:31;17-09-2025 01:34
11;F;01:35;01:38;2.158;2.159;;;17-09-2025;17-09-2025 01:35;17-09-2025 01:38
1;F;01:39;01:42;2.269;2.262;;;17-09-2025;17-09-2025 01:39;17-09-2025 01:42
13;F+U;01:43;01:46;2.216;2.221;;;17-09-2025;17-09-2025 01:43;17-09-2025 01:46
5;U;01:47;01:50;2.449;2.443;;;17-09-2025;17-09-2025 01:47;17-09-2025 01:50
6;BG;01:50:35;01:53:35;2.280;2.277;;;17-09-2025;17-09-2025 01:50;17-09-2025 01:53
16;U;01:54:10;01:57:10;2.140;2.138;;;17-09-2025;17-09-2025 01:54;17-09-2025 01:57
2;U;01:58;02:01;2.250;2.247;;;17-09-2025;17-09-2025 01:58;17-09-2025 02:01
20;F+U;02:02:15;02:05:15;2.293;2.295;;;17-09-2025;17-09-2025 02:02;17-09-2025 02:05
15;BG;02:06:20;02:09:20;2.305;2.299;;;17-09-2025;17-09-2025 02:06;17-09-2025 02:09
17;BG;02:10;02:14;2.125;2.128;;;17-09-2025;17-09-2025 02:10;17-09-2025 02:14
3;F+U;02:15:05;02:18:05;2.223;2.227;;;17-09-2025;17-09-2025 02:15;17-09-2025 02:18
14;F;02:19;02:22;2.362;2.371;;;17-09-2025;17-09-2025 02:19;17-09-2025 02:22
9;BG;02:23:15;02:26:15;2.262;2.264;;;17-09-2025;17-09-2025 02:23;17-09-2025 02:26
7;F;02:27;02:30;2.263;2.268;;;17-09-2025;17-09-2025 02:27;17-09-2025 02:30
12;U;02:31;02:34;2.241;2.240;;;17-09-2025;17-09-2025 02:31;17-09-2025 02:34
18;F;02:35:30;02:38:30;2.127;2.128;;;17-09-2025;17-09-2025 02:35;17-09-2025 02:38
10;F+U;02:39:35;02:42:35;2.166;2.171;;;17-09-2025;17-09-2025 02:39;17-09-2025 02:42
19;U;02:43:40;02:46:40;2.202;2.211;;;17-09-2025;17-09-2025 02:43;17-09-2025 02:46
4;BG;02:48:00;02:51;2.278;2.277;;;17-09-2025;17-09-2025 02:48;17-09-2025 02:51
15;BG;09:12;09:15;;;0.375;0.376;24-09-2025;24-09-2025 09:12;24-09-2025 09:15
8;F+U;09:16;09:19;;;0.375;0.392;24-09-2025;24-09-2025 09:16;24-09-2025 09:19
14;F;09:22;09:25;;;0.379;0.381;24-09-2025;24-09-2025 09:22;24-09-2025 09:25
11;F;09:26:15;09:29:15;;;0.382;0.384;24-09-2025;24-09-2025 09:26;24-09-2025 09:29
9;BG;09:30:45;09:33:45;;;0.383;0.383;24-09-2025;24-09-2025 09:30;24-09-2025 09:33
5;U;09:34:30;09:37:30;;;0.383;0.391;24-09-2025;24-09-2025 09:34;24-09-2025 09:37
18;F;09:39;09:42;;;0.382;0.382;24-09-2025;24-09-2025 09:39;24-09-2025 09:42
17;BG;09:43;09:46;;;0.382;0.38;24-09-2025;24-09-2025 09:43;24-09-2025 09:46
13;F+U;09:47:15;09:50:15;;;0.38;0.386;24-09-2025;24-09-2025 09:47;24-09-2025 09:50
19;U;09:52:30;09:55:30;;;0.382;0.386;24-09-2025;24-09-2025 09:52;24-09-2025 09:55
12;U;09:56:15;09:59:15;;;0.381;0.385;24-09-2025;24-09-2025 09:56;24-09-2025 09:59
7;F;10:00;10:03:45;;;0.379;0.382;24-09-2025;24-09-2025 10:00;24-09-2025 10:03
3;F+U;10:04:30;10:07:30;;;0.379;0.407;24-09-2025;24-09-2025 10:04;24-09-2025 10:07
10;F+U;10:09;10:12;;;0.378;0.381;24-09-2025;24-09-2025 10:09;24-09-2025 10:12
16;U;10:13;10:16;;;0.377;0.378;24-09-2025;24-09-2025 10:13;24-09-2025 10:16
2;U;10:17:30;10:21:00;;;0.377;0.382;24-09-2025;24-09-2025 10:17;24-09-2025 10:21
20;F+U;10:22;10:25;;;0.377;0.389;24-09-2025;24-09-2025 10:22;24-09-2025 10:25
4;BG;10:26:15;10:29:15;;;0.378;0.379;24-09-2025;24-09-2025 10:26;24-09-2025 10:29
1;F;10:30:15;10:33:15;;;0.381;0.383;24-09-2025;24-09-2025 10:30;24-09-2025 10:33
6;BG;10:34;10:37;;;0.382;0.384;24-09-2025;24-09-2025 10:34;24-09-2025 10:37
15;BG;09:30;09:33;;;0.377;0.377;26-09-2025;26-09-2025 09:30;26-09-2025 09:33
12;U;09:34;09:37;;;0.376;0.383;26-09-2025;26-09-2025 09:34;26-09-2025 09:37
16;U;09:38:15;09:41:15;;;0.379;0.38;26-09-2025;26-09-2025 09:38;26-09-2025 09:41
1;F;09:42:45;09:45:45;;;0.379;0.382;26-09-2025;26-09-2025 09:42;26-09-2025 09:45
10;F+U;09:47;09:50;;;0.381;0.385;26-09-2025;26-09-2025 09:47;26-09-2025 09:50
13;F+U;09:51:15;09:54:15;;;0.382;0.389;26-09-2025;26-09-2025 09:51;26-09-2025 09:54
6;BG;09:55:30;09:58:30;;;0.384;0.384;26-09-2025;26-09-2025 09:55;26-09-2025 09:58
8;F+U;09:59:15;10:02:15;;;0.384;0.395;26-09-2025;26-09-2025 09:59;26-09-2025 10:02
7;F;10:03:45;10:06:45;;;0.385;0.387;26-09-2025;26-09-2025 10:03;26-09-2025 10:06
9;BG;10:07:30;10:10:30;;;0.384;0.384;26-09-2025;26-09-2025 10:07;26-09-2025 10:10
3;F+U;10:11:15;10:14:15;;;0.384;0.396;26-09-2025;26-09-2025 10:11;26-09-2025 10:14
18;F;10:15:45;10:18:45;;;0.384;0.384;26-09-2025;26-09-2025 10:15;26-09-2025 10:18
19;U;10:19:45;10:22:45;;;0.385;0.391;26-09-2025;26-09-2025 10:19;26-09-2025 10:22
17;BG;10:24;10:27;;;0.383;0.383;26-09-2025;26-09-2025 10:24;26-09-2025 10:27
2;U;10:28:30;10:31:30;;;0.383;0.385;26-09-2025;26-09-2025 10:28;26-09-2025 10:31
20;F+U;10:33;10:36;;;0.383;0.389;26-09-2025;26-09-2025 10:33;26-09-2025 10:36
11;F;10:37:30;10:40:30;;;0.383;0.382;26-09-2025;26-09-2025 10:37;26-09-2025 10:40
14;F;10:41:15;10:44:15;;;0.382;0.382;26-09-2025;26-09-2025 10:41;26-09-2025 10:44
5;U;10:47:15;10:50:15;;;0.383;0.386;26-09-2025;26-09-2025 10:47;26-09-2025 10:50
4;BG;10:51:45;10:54:45;;;0.382;0.382;26-09-2025;26-09-2025 10:51;26-09-2025 10:54
7;F;09:08:30;09:11:30;;;0.379;0.38;29-09-2025;29-09-2025 09:08;29-09-2025 09:11
14;F;09:13;09:16;;;0.379;0.381;29-09-2025;29-09-2025 09:13;29-09-2025 09:16
2;U;09:18;09:21;;;0.38;0.386;29-09-2025;29-09-2025 09:18;29-09-2025 09:21
19;U;09:22:30;09:25:30;;;0.384;0.395;29-09-2025;29-09-2025 09:22;29-09-2025 09:25
5;U;09:27;09:32;;;0.385;0.391;29-09-2025;29-09-2025 09:27;29-09-2025 09:32
11;F;09:33:45;09:36:45;;;0.387;0.387;29-09-2025;29-09-2025 09:33;29-09-2025 09:36
16;U;09:39;09:42;;;0.387;0.389;29-09-2025;29-09-2025 09:39;29-09-2025 09:42
1;F;09:44:15;09:47:15;;;0.388;0.388;29-09-2025;29-09-2025 09:44;29-09-2025 09:47
8;F+U;09:49;09:52;;;0.388;0.392;29-09-2025;29-09-2025 09:49;29-09-2025 09:52
20;F+U;09:54;09:57;;;0.387;0.391;29-09-2025;29-09-2025 09:54;29-09-2025 09:57
3;F+U;09:58:30;10:01:30;;;0.387;0.391;29-09-2025;29-09-2025 09:58;29-09-2025 10:01
13;F+U;10:02:30;10:05:30;;;0.387;0.392;29-09-2025;29-09-2025 10:02;29-09-2025 10:05
6;BG;10:06:45;10:09:45;;;0.386;0.385;29-09-2025;29-09-2025 10:06;29-09-2025 10:09
18;F;10:11:15;10:14:15;;;0.385;0.385;29-09-2025;29-09-2025 10:11;29-09-2025 10:14
10;F+U;10:15:45;10:18:15;;;0.385;0.387;29-09-2025;29-09-2025 10:15;29-09-2025 10:18
4;BG;10:20:15;10:23:15;;;0.385;0.384;29-09-2025;29-09-2025 10:20;29-09-2025 10:23
15;BG;10:24:45;10:27:45;;;0.385;0.384;29-09-2025;29-09-2025 10:24;29-09-2025 10:27
9;BG;10:28:45;10:31:45;;;0.384;0.384;29-09-2025;29-09-2025 10:28;29-09-2025 10:31
12;U;10:33;10:36;;;0.385;0.388;29-09-2025;29-09-2025 10:33;29-09-2025 10:36
17;BG;10:36:45;10:39:45;;;0.384;0.384;29-09-2025;29-09-2025 10:36;29-09-2025 10:39
13;F+U;09:07:30;09:12:45;;;0.392;0.404;03-10-2025;03-10-2025 09:07;03-10-2025 09:12
12;U;09:13:30;09:16:30;;;0.389;0.391;03-10-2025;03-10-2025 09:13;03-10-2025 09:16
3;F+U;09:20;09:25;;;0.388;0.39;03-10-2025;03-10-2025 09:20;03-10-2025 09:25
17;BG;09:27;09:30;;;0.385;0.384;03-10-2025;03-10-2025 09:27;03-10-2025 09:30
10;F+U;09:31:30;09:34:30;;;0.384;0.384;03-10-2025;03-10-2025 09:31;03-10-2025 09:34
14;F;09:36;09:39;;;0.383;0.384;03-10-2025;03-10-2025 09:36;03-10-2025 09:39
16;U;09:40;09:43;;;0.385;0.387;03-10-2025;03-10-2025 09:40;03-10-2025 09:43
5;U;09:45;09:48;;;0.387;0.39;03-10-2025;03-10-2025 09:45;03-10-2025 09:48
18;F;09:49:30;09:52:30;;;0.389;0.39;03-10-2025;03-10-2025 09:49;03-10-2025 09:52
9;BG;09:54;09:57;;;0.389;0.39;03-10-2025;03-10-2025 09:54;03-10-2025 09:57
8;F+U;09:58:30;10:01:30;;;0.39;0.394;03-10-2025;03-10-2025 09:58;03-10-2025 10:01
19;U;10:03;10:06;;;0.39;0.404;03-10-2025;03-10-2025 10:03;03-10-2025 10:06
6;BG;10:07:30;10:10:30;;;0.392;0.392;03-10-2025;03-10-2025 10:07;03-10-2025 10:10
1;F;10:11:30;10:14:30;;;0.391;0.393;03-10-2025;03-10-2025 10:11;03-10-2025 10:14
2;U;10:16;10:19;;;0.392;0.394;03-10-2025;03-10-2025 10:16;03-10-2025 10:19
4;BG;10:20:30;10:23:30;;;0.391;0.39;03-10-2025;03-10-2025 10:20;03-10-2025 10:23
11;F;10:24:45;10:27:45;;;0.39;0.391;03-10-2025;03-10-2025 10:24;03-10-2025 10:27
20;F+U;10:29;10:32;;;0.39;0.396;03-10-2025;03-10-2025 10:29;03-10-2025 10:32
15;BG;10:34;10:37;;;0.389;0.389;03-10-2025;03-10-2025 10:34;03-10-2025 10:37
7;F;10:38:15;10:41:15;;;0.388;0.389;03-10-2025;03-10-2025 10:38;03-10-2025 10:41
